market,symbol,timeframe,rows,stored_start,stored_end,stale_days,sources,adjustments,leading_gap,trailing_gap,coverage_ok,status
a_share,000001,1d,2101,2018-01-02,2026-08-28,1.0,baostock,qfq,False,False,True,complete
a_share,000002,1d,2101,2018-01-02,2026-08-28,1.0,baostock,qfq,False,False,True,complete
a_share,000004,1d,2067,2018-01-02,2026-07-13,47.0,baostock,qfq,False,True,False,coverage_gap
a_share,000006,1d,2101,2018-01-02,2026-08-28,1.0,baostock,qfq,False,False,True,complete
a_share,000007,1d,2101,2018-01-02,2026-08-28,1.0,baostock,qfq,False,False,True,complete
a_share,000008,1d,2101,2018-01-02,2026-08-28,1.0,baostock,qfq,False,False,True,complete
a_share,000009,1d,2101,2018-01-02,2026-08-28,1.0,baostock,qfq,False,False,True,complete
a_share,000010,1d,2101,2018-01-02,2026-08-28,1.0,baostock,qfq,False,False,True,complete
a_share,000011,1d,2101,2018-01-02,2026-08-28,1.0,baostock,qfq,False,False,True,complete
a_share,000012,1d,2101,2018-01-02,2026-08-28,1.0,baostock,qfq,False,False,True,complete
a_share,000014,1d,2101,2018-01-02,2026-08-28,1.0,baostock,qfq,False,False,True,complete
a_share,000016,1d,2101,2018-01-02,2026-08-28,1.0,baostock,qfq,False,False,True,complete
a_share,000017,1d,2101,2018-01-02,2026-08-28,1.0,baostock,qfq,False,False,True,complete
a_share,000019,1d,2101,2018-01-02,2026-08-28,1.0,baostock,qfq,False,False,True,complete
a_share,000020,1d,2101,2018-01-02,2026-08-28,1.0,baostock,qfq,False,False,True,complete
a_share,000021,1d,2101,2018-01-02,2026-08-28,1.0,baostock,qfq,False,False,True,complete
a_share,000025,1d,2101,2018-01-02,2026-08-28,1.0,baostock,qfq,False,False,True,complete
a_share,000026,1d,2101,2018-01-02,2026-08-28,1.0,baostock,qfq,False,False,True,complete
a_share,000027,1d,2101,2018-01-02,2026-08-28,1.0,baostock,qfq,False,False,True,complete
a_share,000028,1d,2101,2018-01-02,2026-08-28,1.0,baostock,qfq,False,False,True,complete
a_share,000029,1d,2101,2018-01-02,2026-08-28,1.0,baostock,qfq,False,False,True,complete
a_share,000030,1d,2101,2018-01-02,2026-08-28,1.0,baostock,qfq,False,False,True,complete
a_share,000031,1d,2101,2018-01-02,2026-08-28,1.0,baostock,qfq,False,False,True,complete
a_share,000032,1d,2101,2018-01-02,2026-08-28,1.0,baostock,qfq,False,False,True,complete
a_share,000034,1d,2101,2018-01-02,2026-08-28,1.0,baostock,qfq,False,False,True,complete
a_share,000035,1d,2101,2018-01-02,2026-08-28,1.0,baostock,qfq,False,False,True,complete
a_share,000036,1d,2101,2018-01-02,2026-08-28,1.0,baostock,qfq,False,False,True,complete
a_share,000037,1d,2101,2018-01-02,2026-08-28,1.0,baostock,qfq,False,False,True,complete
a_share,000039,1d,2101,2018-01-02,2026-08-28,1.0,baostock,qfq,False,False,True,complete
a_share,000042,1d,2101,2018-01-02,2026-08-28,1.0,baostock,qfq,False,False,True,complete
a_share,000045,1d,2101,2018-01-02,2026-08-28,1.0,baostock,qfq,False,False,True,complete
a_share,000048,1d,2101,2018-01-02,2026-08-28,1.0,baostock,qfq,False,False,True,complete
a_share,000049,1d,2101,2018-01-02,2026-08-28,1.0,baostock,qfq,False,False,True,complete
a_share,000050,1d,2101,2018-01-02,2026-08-28,1.0,baostock,qfq,False,False,True,complete
a_share,000055,1d,2101,2018-01-02,2026-08-28,1.0,baostock,qfq,False,False,True,complete
a_share,000056,1d,2101,2018-01-02,2026-08-28,1.0,baostock,qfq,False,False,True,complete
a_share,000058,1d,2101,2018-01-02,2026-08-28,1.0,baostock,qfq,False,False,True,complete
a_share,000059,1d,2101,2018-01-02,2026-08-28,1.0,baostock,qfq,False,False,True,complete
a_share,000060,1d,2101,2018-01-02,2026-08-28,1.0,baostock,qfq,False,False,True,complete
a_share,000061,1d,2101,2018-01-02,2026-08-28,1.0,baostock,qfq,False,False,True,complete
a_share,000062,1d,2101,2018-01-02,2026-08-28,1.0,baostock,qfq,False,False,True,complete
a_share,000063,1d,2101,2018-01-02,2026-08-28,1.0,baostock,qfq,False,False,True,complete
a_share,000065,1d,2101,2018-01-02,2026-08-28,1.0,baostock,qfq,False,False,True,complete
a_share,000066,1d,2101,2018-01-02,2026-08-28,1.0,baostock,qfq,False,False,True,complete
a_share,000068,1d,2101,2018-01-02,2026-08-28,1.0,baostock,qfq,False,False,True,complete
a_share,000069,1d,2101,2018-01-02,2026-08-28,1.0,baostock,qfq,False,False,True,complete
a_share,000070,1d,2101,2018-01-02,2026-08-28,1.0,baostock,qfq,False,False,True,complete
a_share,000078,1d,2101,2018-01-02,2026-08-28,1.0,baostock,qfq,False,False,True,complete
a_share,000088,1d,2101,2018-01-02,2026-08-28,1.0,baostock,qfq,False,False,True,complete
a_share,000089,1d,2101,2018-01-02,2026-08-28,1.0,baostock,qfq,False,False,True,complete
a_share,000090,1d,2101,2018-01-02,2026-08-28,1.0,baostock,qfq,False,False,True,complete
a_share,000096,1d,2101,2018-01-02,2026-08-28,1.0,baostock,qfq,False,False,True,complete
a_share,000099,1d,2101,2018-01-02,2026-08-28,1.0,baostock,qfq,False,False,True,complete
a_share,000100,1d,2101,2018-01-02,2026-08-28,1.0,baostock,qfq,False,False,True,complete
a_share,000151,1d,2101,2018-01-02,2026-08-28,1.0,baostock,qfq,False,False,True,complete
a_share,000153,1d,2101,2018-01-02,2026-08-28,1.0,baostock,qfq,False,False,True,complete
a_share,000155,1d,2101,2018-01-02,2026-08-28,1.0,baostock,qfq,False,False,True,complete
a_share,000156,1d,2101,2018-01-02,2026-08-28,1.0,baostock,qfq,False,False,True,complete
a_share,000157,1d,2101,2018-01-02,2026-08-28,1.0,baostock,qfq,False,False,True,complete
a_share,000158,1d,2101,2018-01-02,2026-08-28,1.0,baostock,qfq,False,False,True,complete
a_share,000159,1d,2101,2018-01-02,2026-08-28,1.0,baostock,qfq,False,False,True,complete
a_share,000166,1d,2101,2018-01-02,2026-08-28,1.0,baostock,qfq,False,False,True,complete
a_share,000301,1d,2101,2018-01-02,2026-08-28,1.0,baostock,qfq,False,False,True,complete
a_share,000333,1d,2101,2018-01-02,2026-08-28,1.0,baostock,qfq,False,False,True,complete
a_share,000338,1d,2101,2018-01-02,2026-08-28,1.0,baostock,qfq,False,False,True,complete
a_share,000400,1d,2101,2018-01-02,2026-08-28,1.0,baostock,qfq,False,False,True,complete
a_share,000401,1d,2101,2018-01-02,2026-08-28,1.0,baostock,qfq,False,False,True,complete
a_share,000402,1d,2101,2018-01-02,2026-08-28,1.0,baostock,qfq,False,False,True,complete
a_share,000403,1d,2101,2018-01-02,2026-08-28,1.0,baostock,qfq,False,False,True,complete
a_share,000404,1d,2101,2018-01-02,2026-08-28,1.0,baostock,qfq,False,False,True,complete
a_share,000407,1d,2101,2018-01-02,2026-08-28,1.0,baostock,qfq,False,False,True,complete
a_share,000408,1d,2101,2018-01-02,2026-08-28,1.0,baostock,qfq,False,False,True,complete
a_share,000409,1d,2101,2018-01-02,2026-08-28,1.0,baostock,qfq,False,False,True,complete
a_share,000410,1d,2101,2018-01-02,2026-08-28,1.0,baostock,qfq,False,False,True,complete
a_share,000411,1d,2101,2018-01-02,2026-08-28,1.0,baostock,qfq,False,False,True,complete
a_share,000415,1d,2101,2018-01-02,2026-08-28,1.0,baostock,qfq,False,False,True,complete
a_share,000417,1d,2101,2018-01-02,2026-08-28,1.0,baostock,qfq,False,False,True,complete
a_share,000419,1d,2101,2018-01-02,2026-08-28,1.0,baostock,qfq,False,False,True,complete
a_share,000420,1d,2101,2018-01-02,2026-08-28,1.0,baostock,qfq,False,False,True,complete
a_share,000421,1d,2101,2018-01-02,2026-08-28,1.0,baostock,qfq,False,False,True,complete
a_share,000422,1d,2101,2018-01-02,2026-08-28,1.0,baostock,qfq,False,False,True,complete
a_share,000423,1d,2101,2018-01-02,2026-08-28,1.0,baostock,qfq,False,False,True,complete
a_share,000425,1d,2101,2018-01-02,2026-08-28,1.0,baostock,qfq,False,False,True,complete
a_share,000426,1d,2101,2018-01-02,2026-08-28,1.0,baostock,qfq,False,False,True,complete
a_share,000428,1d,2101,2018-01-02,2026-08-28,1.0,baostock,qfq,False,False,True,complete
a_share,000429,1d,2101,2018-01-02,2026-08-28,1.0,baostock,qfq,False,False,True,complete
a_share,000430,1d,2101,2018-01-02,2026-08-28,1.0,baostock,qfq,False,False,True,complete
a_share,000488,1d,2101,2018-01-02,2026-08-28,1.0,baostock,qfq,False,False,True,complete
a_share,000498,1d,2101,2018-01-02,2026-08-28,1.0,baostock,qfq,False,False,True,complete
a_share,000501,1d,2101,2018-01-02,2026-08-28,1.0,baostock,qfq,False,False,True,complete
a_share,000503,1d,2101,2018-01-02,2026-08-28,1.0,baostock,qfq,False,False,True,complete
a_share,000504,1d,2101,2018-01-02,2026-08-28,1.0,baostock,qfq,False,False,True,complete
a_share,000505,1d,2101,2018-01-02,2026-08-28,1.0,baostock,qfq,False,False,True,complete
a_share,000506,1d,2101,2018-01-02,2026-08-28,1.0,baostock,qfq,False,False,True,complete
a_share,000507,1d,2101,2018-01-02,2026-08-28,1.0,baostock,qfq,False,False,True,complete
a_share,000509,1d,2101,2018-01-02,2026-08-28,1.0,baostock,qfq,False,False,True,complete
a_share,000510,1d,2101,2018-01-02,2026-08-28,1.0,baostock,qfq,False,False,True,complete
a_share,000513,1d,2101,2018-01-02,2026-08-28,1.0,baostock,qfq,False,False,True,complete
a_share,000514,1d,2101,2018-01-02,2026-08-28,1.0,baostock,qfq,False,False,True,complete
a_share,000516,1d,2101,2018-01-02,2026-08-28,1.0,baostock,qfq,False,False,True,complete
a_share,000517,1d,2101,2018-01-02,2026-08-28,1.0,baostock,qfq,False,False,True,complete
a_share,000518,1d,2101,2018-01-02,2026-08-28,1.0,baostock,qfq,False,False,True,complete
a_share,000519,1d,2101,2018-01-02,2026-08-28,1.0,baostock,qfq,False,False,True,complete
a_share,000520,1d,2101,2018-01-02,2026-08-28,1.0,baostock,qfq,False,False,True,complete
a_share,000521,1d,2101,2018-01-02,2026-08-28,1.0,baostock,qfq,False,False,True,complete
a_share,000523,1d,2101,2018-01-02,2026-08-28,1.0,baostock,qfq,False,False,True,complete
a_share,000524,1d,2101,2018-01-02,2026-08-28,1.0,baostock,qfq,False,False,True,complete
a_share,000525,1d,2101,2018-01-02,2026-08-28,1.0,baostock,qfq,False,False,True,complete
a_share,000526,1d,2101,2018-01-02,2026-08-28,1.0,baostock,qfq,False,False,True,complete
a_share,000528,1d,2101,2018-01-02,2026-08-28,1.0,baostock,qfq,False,False,True,complete
a_share,000529,1d,2101,2018-01-02,2026-08-28,1.0,baostock,qfq,False,False,True,complete
a_share,000530,1d,2101,2018-01-02,2026-08-28,1.0,baostock,qfq,False,False,True,complete
a_share,000531,1d,2101,2018-01-02,2026-08-28,1.0,baostock,qfq,False,False,True,complete
a_share,000532,1d,2101,2018-01-02,2026-08-28,1.0,baostock,qfq,False,False,True,complete
a_share,000533,1d,2101,2018-01-02,2026-08-28,1.0,baostock,qfq,False,False,True,complete
a_share,000534,1d,2101,2018-01-02,2026-08-28,1.0,baostock,qfq,False,False,True,complete
a_share,000536,1d,2101,2018-01-02,2026-08-28,1.0,baostock,qfq,False,False,True,complete
a_share,000537,1d,2101,2018-01-02,2026-08-28,1.0,baostock,qfq,False,False,True,complete
a_share,000538,1d,2101,2018-01-02,2026-08-28,1.0,baostock,qfq,False,False,True,complete
a_share,000539,1d,2101,2018-01-02,2026-08-28,1.0,baostock,qfq,False,False,True,complete
a_share,000541,1d,2101,2018-01-02,2026-08-28,1.0,baostock,qfq,False,False,True,complete
a_share,000543,1d,2101,2018-01-02,2026-08-28,1.0,baostock,qfq,False,False,True,complete
a_share,000544,1d,2101,2018-01-02,2026-08-28,1.0,baostock,qfq,False,False,True,complete
a_share,000545,1d,2101,2018-01-02,2026-08-28,1.0,baostock,qfq,False,False,True,complete
a_share,000546,1d,2101,2018-01-02,2026-08-28,1.0,baostock,qfq,False,False,True,complete
a_share,000547,1d,2101,2018-01-02,2026-08-28,1.0,baostock,qfq,False,False,True,complete
a_share,000548,1d,2101,2018-01-02,2026-08-28,1.0,baostock,qfq,False,False,True,complete
a_share,000550,1d,2101,2018-01-02,2026-08-28,1.0,baostock,qfq,False,False,True,complete
a_share,000551,1d,2101,2018-01-02,2026-08-28,1.0,baostock,qfq,False,False,True,complete
a_share,000552,1d,2101,2018-01-02,2026-08-28,1.0,baostock,qfq,False,False,True,complete
a_share,000553,1d,2101,2018-01-02,2026-08-28,1.0,baostock,qfq,False,False,True,complete
a_share,000554,1d,2101,2018-01-02,2026-08-28,1.0,baostock,qfq,False,False,True,complete
a_share,000555,1d,2101,2018-01-02,2026-08-28,1.0,baostock,qfq,False,False,True,complete
a_share,000557,1d,2101,2018-01-02,2026-08-28,1.0,baostock,qfq,False,False,True,complete
a_share,000558,1d,2101,2018-01-02,2026-08-28,1.0,baostock,qfq,False,False,True,complete
a_share,000559,1d,2101,2018-01-02,2026-08-28,1.0,baostock,qfq,False,False,True,complete
a_share,000560,1d,2101,2018-01-02,2026-08-28,1.0,baostock,qfq,False,False,True,complete
a_share,000561,1d,2101,2018-01-02,2026-08-28,1.0,baostock,qfq,False,False,True,complete
a_share,000563,1d,2101,2018-01-02,2026-08-28,1.0,baostock,qfq,False,False,True,complete
a_share,000564,1d,2101,2018-01-02,2026-08-28,1.0,baostock,qfq,False,False,True,complete
a_share,000565,1d,2101,2018-01-02,2026-08-28,1.0,baostock,qfq,False,False,True,complete
a_share,000566,1d,2101,2018-01-02,2026-08-28,1.0,baostock,qfq,False,False,True,complete
a_share,000567,1d,2101,2018-01-02,2026-08-28,1.0,baostock,qfq,False,False,True,complete
a_share,000568,1d,2101,2018-01-02,2026-08-28,1.0,baostock,qfq,False,False,True,complete
a_share,000570,1d,2101,2018-01-02,2026-08-28,1.0,baostock,qfq,False,False,True,complete
a_share,000571,1d,2101,2018-01-02,2026-08-28,1.0,baostock,qfq,False,False,True,complete
a_share,000572,1d,2101,2018-01-02,2026-08-28,1.0,baostock,qfq,False,False,True,complete
a_share,000573,1d,2101,2018-01-02,2026-08-28,1.0,baostock,qfq,False,False,True,complete
a_share,000576,1d,2101,2018-01-02,2026-08-28,1.0,baostock,qfq,False,False,True,complete
a_share,000581,1d,2101,2018-01-02,2026-08-28,1.0,baostock,qfq,False,False,True,complete
a_share,000582,1d,2101,2018-01-02,2026-08-28,1.0,baostock,qfq,False,False,True,complete
a_share,000586,1d,2101,2018-01-02,2026-08-28,1.0,baostock,qfq,False,False,True,complete
a_share,000589,1d,2101,2018-01-02,2026-08-28,1.0,baostock,qfq,False,False,True,complete
a_share,000590,1d,2101,2018-01-02,2026-08-28,1.0,baostock,qfq,False,False,True,complete
a_share,000591,1d,2101,2018-01-02,2026-08-28,1.0,baostock,qfq,False,False,True,complete
a_share,000592,1d,2101,2018-01-02,2026-08-28,1.0,baostock,qfq,False,False,True,complete
a_share,000593,1d,2101,2018-01-02,2026-08-28,1.0,baostock,qfq,False,False,True,complete
a_share,000595,1d,2101,2018-01-02,2026-08-28,1.0,baostock,qfq,False,False,True,complete
a_share,000596,1d,2101,2018-01-02,2026-08-28,1.0,baostock,qfq,False,False,True,complete
a_share,000597,1d,2101,2018-01-02,2026-08-28,1.0,baostock,qfq,False,False,True,complete
a_share,000598,1d,2101,2018-01-02,2026-08-28,1.0,baostock,qfq,False,False,True,complete
a_share,000599,1d,2101,2018-01-02,2026-08-28,1.0,baostock,qfq,False,False,True,complete
a_share,000600,1d,2101,2018-01-02,2026-08-28,1.0,baostock,qfq,False,False,True,complete
a_share,000601,1d,2101,2018-01-02,2026-08-28,1.0,baostock,qfq,False,False,True,complete
a_share,000603,1d,2101,2018-01-02,2026-08-28,1.0,baostock,qfq,False,False,True,complete
a_share,000605,1d,2101,2018-01-02,2026-08-28,1.0,baostock,qfq,False,False,True,complete
a_share,000607,1d,2101,2018-01-02,2026-08-28,1.0,baostock,qfq,False,False,True,complete
a_share,000608,1d,2101,2018-01-02,2026-08-28,1.0,baostock,qfq,False,False,True,complete
a_share,000609,1d,2101,2018-01-02,2026-08-28,1.0,baostock,qfq,False,False,True,complete
a_share,000610,1d,2101,2018-01-02,2026-08-28,1.0,baostock,qfq,False,False,True,complete
a_share,000612,1d,2101,2018-01-02,2026-08-28,1.0,baostock,qfq,False,False,True,complete
a_share,000615,1d,2101,2018-01-02,2026-08-28,1.0,baostock,qfq,False,False,True,complete
a_share,000617,1d,2101,2018-01-02,2026-08-28,1.0,baostock,qfq,False,False,True,complete
a_share,000619,1d,2101,2018-01-02,2026-08-28,1.0,baostock,qfq,False,False,True,complete
a_share,000620,1d,2101,2018-01-02,2026-08-28,1.0,baostock,qfq,False,False,True,complete
a_share,000623,1d,2101,2018-01-02,2026-08-28,1.0,baostock,qfq,False,False,True,complete
a_share,000625,1d,2101,2018-01-02,2026-08-28,1.0,baostock,qfq,False,False,True,complete
a_share,000626,1d,2101,2018-01-02,2026-08-28,1.0,baostock,qfq,False,False,True,complete
a_share,000628,1d,2101,2018-01-02,2026-08-28,1.0,baostock,qfq,False,False,True,complete
a_share,000629,1d,2101,2018-01-02,2026-08-28,1.0,baostock,qfq,False,False,True,complete
a_share,000630,1d,2101,2018-01-02,2026-08-28,1.0,baostock,qfq,False,False,True,complete
a_share,000631,1d,2101,2018-01-02,2026-08-28,1.0,baostock,qfq,False,False,True,complete
a_share,000632,1d,2101,2018-01-02,2026-08-28,1.0,baostock,qfq,False,False,True,complete
a_share,000633,1d,2101,2018-01-02,2026-08-28,1.0,baostock,qfq,False,False,True,complete
a_share,000635,1d,2101,2018-01-02,2026-08-28,1.0,baostock,qfq,False,False,True,complete
a_share,000636,1d,2101,2018-01-02,2026-08-28,1.0,baostock,qfq,False,False,True,complete
a_share,000637,1d,2101,2018-01-02,2026-08-28,1.0,baostock,qfq,False,False,True,complete
a_share,000639,1d,2101,2018-01-02,2026-08-28,1.0,baostock,qfq,False,False,True,complete
a_share,000650,1d,2101,2018-01-02,2026-08-28,1.0,baostock,qfq,False,False,True,complete
a_share,000651,1d,2101,2018-01-02,2026-08-28,1.0,baostock,qfq,False,False,True,complete
a_share,000652,1d,2101,2018-01-02,2026-08-28,1.0,baostock,qfq,False,False,True,complete
a_share,000655,1d,2101,2018-01-02,2026-08-28,1.0,baostock,qfq,False,False,True,complete
a_share,000656,1d,2101,2018-01-02,2026-08-28,1.0,baostock,qfq,False,False,True,complete
a_share,000657,1d,2101,2018-01-02,2026-08-28,1.0,baostock,qfq,False,False,True,complete
a_share,000659,1d,2101,2018-01-02,2026-08-28,1.0,baostock,qfq,False,False,True,complete
a_share,000661,1d,2101,2018-01-02,2026-08-28,1.0,baostock,qfq,False,False,True,complete
a_share,000663,1d,2101,2018-01-02,2026-08-28,1.0,baostock,qfq,False,False,True,complete
a_share,000665,1d,2101,2018-01-02,2026-08-28,1.0,baostock,qfq,False,False,True,complete
a_share,000668,1d,2101,2018-01-02,2026-08-28,1.0,baostock,qfq,False,False,True,complete
a_share,000669,1d,2101,2018-01-02,2026-08-28,1.0,baostock,qfq,False,False,True,complete
a_share,000670,1d,2101,2018-01-02,2026-08-28,1.0,baostock,qfq,False,False,True,complete
a_share,000672,1d,2101,2018-01-02,2026-08-28,1.0,baostock,qfq,False,False,True,complete
a_share,000676,1d,2101,2018-01-02,2026-08-28,1.0,baostock,qfq,False,False,True,complete
a_share,000677,1d,2101,2018-01-02,2026-08-28,1.0,baostock,qfq,False,False,True,complete
a_share,000678,1d,2101,2018-01-02,2026-08-28,1.0,baostock,qfq,False,False,True,complete
a_share,000679,1d,2101,2018-01-02,2026-08-28,1.0,baostock,qfq,False,False,True,complete
a_share,000680,1d,2101,2018-01-02,2026-08-28,1.0,baostock,qfq,False,False,True,complete
a_share,000681,1d,2101,2018-01-02,2026-08-28,1.0,baostock,qfq,False,False,True,complete
a_share,000682,1d,2101,2018-01-02,2026-08-28,1.0,baostock,qfq,False,False,True,complete
a_share,000683,1d,2101,2018-01-02,2026-08-28,1.0,baostock,qfq,False,False,True,complete
a_share,000685,1d,2101,2018-01-02,2026-08-28,1.0,baostock,qfq,False,False,True,complete
a_share,000686,1d,2101,2018-01-02,2026-08-28,1.0,baostock,qfq,False,False,True,complete
a_share,000688,1d,2101,2018-01-02,2026-08-28,1.0,baostock,qfq,False,False,True,complete
a_share,000690,1d,2101,2018-01-02,2026-08-28,1.0,baostock,qfq,False,False,True,complete
a_share,000691,1d,2101,2018-01-02,2026-08-28,1.0,baostock,qfq,False,False,True,complete
a_share,000692,1d,2101,2018-01-02,2026-08-28,1.0,baostock,qfq,False,False,True,complete
a_share,000695,1d,2101,2018-01-02,2026-08-28,1.0,baostock,qfq,False,False,True,complete
a_share,000697,1d,2101,2018-01-02,2026-08-28,1.0,baostock,qfq,False,False,True,complete
a_share,000698,1d,2101,2018-01-02,2026-08-28,1.0,baostock,qfq,False,False,True,complete
a_share,000700,1d,2101,2018-01-02,2026-08-28,1.0,baostock,qfq,False,False,True,complete
a_share,000701,1d,2101,2018-01-02,2026-08-28,1.0,baostock,qfq,False,False,True,complete
a_share,000702,1d,2101,2018-01-02,2026-08-28,1.0,baostock,qfq,False,False,True,complete
a_share,000703,1d,2101,2018-01-02,2026-08-28,1.0,baostock,qfq,False,False,True,complete
a_share,000705,1d,2101,2018-01-02,2026-08-28,1.0,baostock,qfq,False,False,True,complete
a_share,000707,1d,2101,2018-01-02,2026-08-28,1.0,baostock,qfq,False,False,True,complete
a_share,000708,1d,2101,2018-01-02,2026-08-28,1.0,baostock,qfq,False,False,True,complete
a_share,000709,1d,2101,2018-01-02,2026-08-28,1.0,baostock,qfq,False,False,True,complete
a_share,000710,1d,2101,2018-01-02,2026-08-28,1.0,baostock,qfq,False,False,True,complete
a_share,000711,1d,2101,2018-01-02,2026-08-28,1.0,baostock,qfq,False,False,True,complete
a_share,000712,1d,2101,2018-01-02,2026-08-28,1.0,baostock,qfq,False,False,True,complete
a_share,000713,1d,2101,2018-01-02,2026-08-28,1.0,baostock,qfq,False,False,True,complete
a_share,000715,1d,2101,2018-01-02,2026-08-28,1.0,baostock,qfq,False,False,True,complete
a_share,000716,1d,2101,2018-01-02,2026-08-28,1.0,baostock,qfq,False,False,True,complete
a_share,000717,1d,2101,2018-01-02,2026-08-28,1.0,baostock,qfq,False,False,True,complete
a_share,000718,1d,2101,2018-01-02,2026-08-28,1.0,baostock,qfq,False,False,True,complete
a_share,000719,1d,2101,2018-01-02,2026-08-28,1.0,baostock,qfq,False,False,True,complete
a_share,000720,1d,2101,2018-01-02,2026-08-28,1.0,baostock,qfq,False,False,True,complete
a_share,000721,1d,2101,2018-01-02,2026-08-28,1.0,baostock,qfq,False,False,True,complete
a_share,000722,1d,2101,2018-01-02,2026-08-28,1.0,baostock,qfq,False,False,True,complete
a_share,000723,1d,2101,2018-01-02,2026-08-28,1.0,baostock,qfq,False,False,True,complete
a_share,000725,1d,2101,2018-01-02,2026-08-28,1.0,baostock,qfq,False,False,True,complete
a_share,000726,1d,2101,2018-01-02,2026-08-28,1.0,baostock,qfq,False,False,True,complete
a_share,000727,1d,2101,2018-01-02,2026-08-28,1.0,baostock,qfq,False,False,True,complete
a_share,000728,1d,2101,2018-01-02,2026-08-28,1.0,baostock,qfq,False,False,True,complete
a_share,000729,1d,2101,2018-01-02,2026-08-28,1.0,baostock,qfq,False,False,True,complete
a_share,000731,1d,2101,2018-01-02,2026-08-28,1.0,baostock,qfq,False,False,True,complete
a_share,000733,1d,2101,2018-01-02,2026-08-28,1.0,baostock,qfq,False,False,True,complete
a_share,000735,1d,2101,2018-01-02,2026-08-28,1.0,baostock,qfq,False,False,True,complete
a_share,000736,1d,2101,2018-01-02,2026-08-28,1.0,baostock,qfq,False,False,True,complete
a_share,000737,1d,2101,2018-01-02,2026-08-28,1.0,baostock,qfq,False,False,True,complete
a_share,000738,1d,2101,2018-01-02,2026-08-28,1.0,baostock,qfq,False,False,True,complete
a_share,000739,1d,2101,2018-01-02,2026-08-28,1.0,baostock,qfq,False,False,True,complete
a_share,000750,1d,2101,2018-01-02,2026-08-28,1.0,baostock,qfq,False,False,True,complete
a_share,000751,1d,2101,2018-01-02,2026-08-28,1.0,baostock,qfq,False,False,True,complete
a_share,000752,1d,2101,2018-01-02,2026-08-28,1.0,baostock,qfq,False,False,True,complete
a_share,000753,1d,2101,2018-01-02,2026-08-28,1.0,baostock,qfq,False,False,True,complete
a_share,000755,1d,2101,2018-01-02,2026-08-28,1.0,baostock,qfq,False,False,True,complete
a_share,000756,1d,2101,2018-01-02,2026-08-28,1.0,baostock,qfq,False,False,True,complete
a_share,000757,1d,2101,2018-01-02,2026-08-28,1.0,baostock,qfq,False,False,True,complete
a_share,000758,1d,2101,2018-01-02,2026-08-28,1.0,baostock,qfq,False,False,True,complete
a_share,000759,1d,2101,2018-01-02,2026-08-28,1.0,baostock,qfq,False,False,True,complete
a_share,000761,1d,2101,2018-01-02,2026-08-28,1.0,baostock,qfq,False,False,True,complete
a_share,000762,1d,2101,2018-01-02,2026-08-28,1.0,baostock,qfq,False,False,True,complete
a_share,000766,1d,2101,2018-01-02,2026-08-28,1.0,baostock,qfq,False,False,True,complete
a_share,000767,1d,2101,2018-01-02,2026-08-28,1.0,baostock,qfq,False,False,True,complete
a_share,000768,1d,2101,2018-01-02,2026-08-28,1.0,baostock,qfq,False,False,True,complete
a_share,000776,1d,2101,2018-01-02,2026-08-28,1.0,baostock,qfq,False,False,True,complete
a_share,000777,1d,2101,2018-01-02,2026-08-28,1.0,baostock,qfq,False,False,True,complete
a_share,000778,1d,2101,2018-01-02,2026-08-28,1.0,baostock,qfq,False,False,True,complete
a_share,000779,1d,2101,2018-01-02,2026-08-28,1.0,baostock,qfq,False,False,True,complete
a_share,000782,1d,2101,2018-01-02,2026-08-28,1.0,baostock,qfq,False,False,True,complete
a_share,000783,1d,2101,2018-01-02,2026-08-28,1.0,baostock,qfq,False,False,True,complete
a_share,000785,1d,2101,2018-01-02,2026-08-28,1.0,baostock,qfq,False,False,True,complete
a_share,000786,1d,2101,2018-01-02,2026-08-28,1.0,baostock,qfq,False,False,True,complete
a_share,000788,1d,2101,2018-01-02,2026-08-28,1.0,baostock,qfq,False,False,True,complete
a_share,000789,1d,2101,2018-01-02,2026-08-28,1.0,baostock,qfq,False,False,True,complete
a_share,000790,1d,2101,2018-01-02,2026-08-28,1.0,baostock,qfq,False,False,True,complete
a_share,000791,1d,2101,2018-01-02,2026-08-28,1.0,baostock,qfq,False,False,True,complete
a_share,000792,1d,2101,2018-01-02,2026-08-28,1.0,baostock,qfq,False,False,True,complete
a_share,000793,1d,2101,2018-01-02,2026-08-28,1.0,baostock,qfq,False,False,True,complete
a_share,000795,1d,2101,2018-01-02,2026-08-28,1.0,baostock,qfq,False,False,True,complete
a_share,000796,1d,2101,2018-01-02,2026-08-28,1.0,baostock,qfq,False,False,True,complete
a_share,000797,1d,2101,2018-01-02,2026-08-28,1.0,baostock,qfq,False,False,True,complete
a_share,000798,1d,2101,2018-01-02,2026-08-28,1.0,baostock,qfq,False,False,True,complete
a_share,000799,1d,2101,2018-01-02,2026-08-28,1.0,baostock,qfq,False,False,True,complete
a_share,000800,1d,2101,2018-01-02,2026-08-28,1.0,baostock,qfq,False,False,True,complete
a_share,000801,1d,2101,2018-01-02,2026-08-28,1.0,baostock,qfq,False,False,True,complete
a_share,000802,1d,2101,2018-01-02,2026-08-28,1.0,baostock,qfq,False,False,True,complete
a_share,000803,1d,2101,2018-01-02,2026-08-28,1.0,baostock,qfq,False,False,True,complete
a_share,000807,1d,2101,2018-01-02,2026-08-28,1.0,baostock,qfq,False,False,True,complete
a_share,000809,1d,2101,2018-01-02,2026-08-28,1.0,baostock,qfq,False,False,True,complete
a_share,000810,1d,2101,2018-01-02,2026-08-28,1.0,baostock,qfq,False,False,True,complete
a_share,000811,1d,2101,2018-01-02,2026-08-28,1.0,baostock,qfq,False,False,True,complete
a_share,000812,1d,2101,2018-01-02,2026-08-28,1.0,baostock,qfq,False,False,True,complete
a_share,000813,1d,2101,2018-01-02,2026-08-28,1.0,baostock,qfq,False,False,True,complete
a_share,000815,1d,2101,2018-01-02,2026-08-28,1.0,baostock,qfq,False,False,True,complete
a_share,000816,1d,2101,2018-01-02,2026-08-28,1.0,baostock,qfq,False,False,True,complete
a_share,000818,1d,2101,2018-01-02,2026-08-28,1.0,baostock,qfq,False,False,True,complete
a_share,000819,1d,2101,2018-01-02,2026-08-28,1.0,baostock,qfq,False,False,True,complete
a_share,000820,1d,2101,2018-01-02,2026-08-28,1.0,baostock,qfq,False,False,True,complete
a_share,000821,1d,2101,2018-01-02,2026-08-28,1.0,baostock,qfq,False,False,True,complete
a_share,000822,1d,2101,2018-01-02,2026-08-28,1.0,baostock,qfq,False,False,True,complete
a_share,000823,1d,2101,2018-01-02,2026-08-28,1.0,baostock,qfq,False,False,True,complete
a_share,000825,1d,2101,2018-01-02,2026-08-28,1.0,baostock,qfq,False,False,True,complete
a_share,000826,1d,2101,2018-01-02,2026-08-28,1.0,baostock,qfq,False,False,True,complete
a_share,000828,1d,2101,2018-01-02,2026-08-28,1.0,baostock,qfq,False,False,True,complete
a_share,000829,1d,2101,2018-01-02,2026-08-28,1.0,baostock,qfq,False,False,True,complete
a_share,000830,1d,2101,2018-01-02,2026-08-28,1.0,baostock,qfq,False,False,True,complete
a_share,000831,1d,2101,2018-01-02,2026-08-28,1.0,baostock,qfq,False,False,True,complete
a_share,000833,1d,2101,2018-01-02,2026-08-28,1.0,baostock,qfq,False,False,True,complete
a_share,000837,1d,2101,2018-01-02,2026-08-28,1.0,baostock,qfq,False,False,True,complete
a_share,000838,1d,2101,2018-01-02,2026-08-28,1.0,baostock,qfq,False,False,True,complete
a_share,000839,1d,2101,2018-01-02,2026-08-28,1.0,baostock,qfq,False,False,True,complete
a_share,000848,1d,2101,2018-01-02,2026-08-28,1.0,baostock,qfq,False,False,True,complete
a_share,000850,1d,2101,2018-01-02,2026-08-28,1.0,baostock,qfq,False,False,True,complete
a_share,000852,1d,2101,2018-01-02,2026-08-28,1.0,baostock,qfq,False,False,True,complete
a_share,000856,1d,2101,2018-01-02,2026-08-28,1.0,baostock,qfq,False,False,True,complete
a_share,000858,1d,2101,2018-01-02,2026-08-28,1.0,baostock,qfq,False,False,True,complete
a_share,000859,1d,2101,2018-01-02,2026-08-28,1.0,baostock,qfq,False,False,True,complete
a_share,000860,1d,2101,2018-01-02,2026-08-28,1.0,baostock,qfq,False,False,True,complete
a_share,000862,1d,2101,2018-01-02,2026-08-28,1.0,baostock,qfq,False,False,True,complete
a_share,000863,1d,2101,2018-01-02,2026-08-28,1.0,baostock,qfq,False,False,True,complete
a_share,000868,1d,2101,2018-01-02,2026-08-28,1.0,baostock,qfq,False,False,True,complete
a_share,000869,1d,2101,2018-01-02,2026-08-28,1.0,baostock,qfq,False,False,True,complete
a_share,000875,1d,2101,2018-01-02,2026-08-28,1.0,baostock,qfq,False,False,True,complete
a_share,000876,1d,2101,2018-01-02,2026-08-28,1.0,baostock,qfq,False,False,True,complete
a_share,000877,1d,2101,2018-01-02,2026-08-28,1.0,baostock,qfq,False,False,True,complete
a_share,000878,1d,2101,2018-01-02,2026-08-28,1.0,baostock,qfq,False,False,True,complete
a_share,000880,1d,2101,2018-01-02,2026-08-28,1.0,baostock,qfq,False,False,True,complete
a_share,000881,1d,2101,2018-01-02,2026-08-28,1.0,baostock,qfq,False,False,True,complete
a_share,000882,1d,2101,2018-01-02,2026-08-28,1.0,baostock,qfq,False,False,True,complete
a_share,000883,1d,2101,2018-01-02,2026-08-28,1.0,baostock,qfq,False,False,True,complete
a_share,000885,1d,2101,2018-01-02,2026-08-28,1.0,baostock,qfq,False,False,True,complete
a_share,000886,1d,2101,2018-01-02,2026-08-28,1.0,baostock,qfq,False,False,True,complete
a_share,000887,1d,2101,2018-01-02,2026-08-28,1.0,baostock,qfq,False,False,True,complete
a_share,000888,1d,2101,2018-01-02,2026-08-28,1.0,baostock,qfq,False,False,True,complete
a_share,000889,1d,2101,2018-01-02,2026-08-28,1.0,baostock,qfq,False,False,True,complete
a_share,000890,1d,2101,2018-01-02,2026-08-28,1.0,baostock,qfq,False,False,True,complete
a_share,000892,1d,2101,2018-01-02,2026-08-28,1.0,baostock,qfq,False,False,True,complete
a_share,000893,1d,2101,2018-01-02,2026-08-28,1.0,baostock,qfq,False,False,True,complete
a_share,000895,1d,2101,2018-01-02,2026-08-28,1.0,baostock,qfq,False,False,True,complete
a_share,000897,1d,2101,2018-01-02,2026-08-28,1.0,baostock,qfq,False,False,True,complete
a_share,000898,1d,2101,2018-01-02,2026-08-28,1.0,baostock,qfq,False,False,True,complete
a_share,000899,1d,2101,2018-01-02,2026-08-28,1.0,baostock,qfq,False,False,True,complete
a_share,000900,1d,2101,2018-01-02,2026-08-28,1.0,baostock,qfq,False,False,True,complete
a_share,000901,1d,2101,2018-01-02,2026-08-28,1.0,baostock,qfq,False,False,True,complete
a_share,000902,1d,2101,2018-01-02,2026-08-28,1.0,baostock,qfq,False,False,True,complete
a_share,000903,1d,2101,2018-01-02,2026-08-28,1.0,baostock,qfq,False,False,True,complete
a_share,000905,1d,2101,2018-01-02,2026-08-28,1.0,baostock,qfq,False,False,True,complete
a_share,000906,1d,2101,2018-01-02,2026-08-28,1.0,baostock,qfq,False,False,True,complete
a_share,000908,1d,2101,2018-01-02,2026-08-28,1.0,baostock,qfq,False,False,True,complete
a_share,000909,1d,2101,2018-01-02,2026-08-28,1.0,baostock,qfq,False,False,True,complete
a_share,000910,1d,2101,2018-01-02,2026-08-28,1.0,baostock,qfq,False,False,True,complete
a_share,000911,1d,2101,2018-01-02,2026-08-28,1.0,baostock,qfq,False,False,True,complete
a_share,000912,1d,2101,2018-01-02,2026-08-28,1.0,baostock,qfq,False,False,True,complete
a_share,000913,1d,2101,2018-01-02,2026-08-28,1.0,baostock,qfq,False,False,True,complete
a_share,000915,1d,2101,2018-01-02,2026-08-28,1.0,baostock,qfq,False,False,True,complete
a_share,000917,1d,2101,2018-01-02,2026-08-28,1.0,baostock,qfq,False,False,True,complete
a_share,000919,1d,2101,2018-01-02,2026-08-28,1.0,baostock,qfq,False,False,True,complete
a_share,000920,1d,2101,2018-01-02,2026-08-28,1.0,baostock,qfq,False,False,True,complete
a_share,000921,1d,2101,2018-01-02,2026-08-28,1.0,baostock,qfq,False,False,True,complete
a_share,000922,1d,2101,2018-01-02,2026-08-28,1.0,baostock,qfq,False,False,True,complete
a_share,000923,1d,2101,2018-01-02,2026-08-28,1.0,baostock,qfq,False,False,True,complete
a_share,000925,1d,2101,2018-01-02,2026-08-28,1.0,baostock,qfq,False,False,True,complete
a_share,000926,1d,2101,2018-01-02,2026-08-28,1.0,baostock,qfq,False,False,True,complete
a_share,000927,1d,2101,2018-01-02,2026-08-28,1.0,baostock,qfq,False,False,True,complete
a_share,000928,1d,2101,2018-01-02,2026-08-28,1.0,baostock,qfq,False,False,True,complete
a_share,000929,1d,2101,2018-01-02,2026-08-28,1.0,baostock,qfq,False,False,True,complete
a_share,000930,1d,2101,2018-01-02,2026-08-28,1.0,baostock,qfq,False,False,True,complete
a_share,000931,1d,2101,2018-01-02,2026-08-28,1.0,baostock,qfq,False,False,True,complete
a_share,000932,1d,2101,2018-01-02,2026-08-28,1.0,baostock,qfq,False,False,True,complete
a_share,000933,1d,2101,2018-01-02,2026-08-28,1.0,baostock,qfq,False,False,True,complete
a_share,000935,1d,2101,2018-01-02,2026-08-28,1.0,baostock,qfq,False,False,True,complete
a_share,000936,1d,2101,2018-01-02,2026-08-28,1.0,baostock,qfq,False,False,True,complete
a_share,000937,1d,2101,2018-01-02,2026-08-28,1.0,baostock,qfq,False,False,True,complete
a_share,000938,1d,2101,2018-01-02,2026-08-28,1.0,baostock,qfq,False,False,True,complete
a_share,000948,1d,2101,2018-01-02,2026-08-28,1.0,baostock,qfq,False,False,True,complete
a_share,000949,1d,2101,2018-01-02,2026-08-28,1.0,baostock,qfq,False,False,True,complete
a_share,000950,1d,2101,2018-01-02,2026-08-28,1.0,baostock,qfq,False,False,True,complete
a_share,000951,1d,2101,2018-01-02,2026-08-28,1.0,baostock,qfq,False,False,True,complete
a_share,000952,1d,2101,2018-01-02,2026-08-28,1.0,baostock,qfq,False,False,True,complete
a_share,000953,1d,2101,2018-01-02,2026-08-28,1.0,baostock,qfq,False,False,True,complete
a_share,000955,1d,2101,2018-01-02,2026-08-28,1.0,baostock,qfq,False,False,True,complete
a_share,000957,1d,2101,2018-01-02,2026-08-28,1.0,baostock,qfq,False,False,True,complete
